subject,item_id,response
102,1,4
102,2,4
102,3,4
102,4,4
102,5,4
102,6,2
102,7,4
102,8,4
102,9,2
102,10,4
102,11,4
102,12,4
102,13,4
102,14,2
102,15,2
102,16,4
102,17,4
102,18,4
102,19,4
102,20,4
102,21,2
102,22,2
102,23,2
102,24,2
102,25,2
102,26,4
102,27,2
102,28,4
102,29,2
102,30,4
102,31,4
102,32,4
102,33,2
102,34,4
102,35,2
102,36,2
102,37,4
102,38,4
102,39,4
102,40,4
102,41,4
102,42,2
102,43,4
102,44,4
102,45,4
102,46,4
102,47,4
102,48,2
104,1,4
104,2,1
104,3,4
104,4,1
104,5,2
104,6,2
104,7,2
104,8,4
104,9,4
104,10,4
104,11,2
104,12,3
104,13,4
104,14,2
104,15,4
104,16,4
104,17,2
104,18,2
104,19,4
104,20,3
104,21,1
104,22,4
104,23,2
104,24,4
104,25,4
104,26,4
104,27,4
104,28,2
104,29,2
104,30,4
104,31,2
104,32,4
104,33,4
104,34,4
104,35,2
104,36,4
104,37,2
104,38,4
104,39,4
104,40,2
104,41,4
104,42,1
104,43,2
104,44,4
104,45,2
104,46,2
104,47,2
104,48,4
105,1,4
105,2,4
105,3,4
105,4,4
105,5,2
105,6,2
105,7,2
105,8,4
105,9,2
105,10,4
105,11,3
105,12,2
105,13,2
105,14,2
105,15,4
105,16,2
105,17,4
105,18,2
105,19,2
105,20,4
105,21,2
105,22,2
105,23,4
105,24,2
105,25,4
105,26,4
105,27,4
105,28,2
105,29,4
105,30,2
105,31,4
105,32,4
105,33,2
105,34,4
105,35,2
105,36,4
105,37,4
105,38,4
105,39,4
105,40,4
105,41,4
105,42,4
105,43,4
105,44,2
105,45,4
105,46,4
105,47,4
105,48,2
106,1,4
106,2,4
106,3,4
106,4,4
106,5,4
106,6,4
106,7,4
106,8,4
106,9,4
106,10,2
106,11,4
106,12,2
106,13,4
106,14,4
106,15,4
106,16,4
106,17,4
106,18,4
106,19,3
106,20,4
106,21,4
106,22,4
106,23,2
106,24,4
106,25,4
106,26,2
106,27,4
106,28,4
106,29,4
106,30,1
106,31,4
106,32,4
106,33,4
106,34,4
106,35,2
106,36,4
106,37,4
106,38,4
106,39,4
106,40,4
106,41,4
106,42,4
106,43,4
106,44,4
106,45,4
106,46,4
106,47,2
106,48,4
107,1,4
107,2,4
107,3,4
107,4,3
107,5,3
107,6,4
107,7,3
107,8,4
107,9,3
107,10,3
107,11,4
107,12,3
107,13,4
107,14,3
107,15,3
107,16,4
107,17,3
107,18,4
107,19,4
107,20,3
107,21,3
107,22,3
107,23,3
107,24,3
107,25,2
107,26,4
107,27,4
107,28,3
107,29,3
107,30,3
107,31,3
107,32,3
107,33,3
107,34,3
107,35,3
107,36,2
107,37,4
107,38,4
107,39,3
107,40,4
107,41,4
107,42,4
107,43,3
107,44,1
107,45,3
107,46,4
107,47,2
107,48,3
109,1,4
109,2,4
109,3,4
109,4,1
109,5,2
109,6,4
109,7,4
109,8,4
109,9,3
109,10,3
109,11,4
109,12,2
109,13,2
109,14,2
109,15,2
109,16,4
109,17,4
109,18,4
109,19,2
109,20,2
109,21,4
109,22,2
109,23,2
109,24,1
109,25,4
109,26,3
109,27,3
109,28,4
109,29,1
109,30,4
109,31,4
109,32,4
109,33,2
109,34,4
109,35,2
109,36,4
109,37,2
109,38,2
109,39,1
109,40,4
109,41,4
109,42,4
109,43,2
109,44,4
109,45,4
109,46,4
109,47,2
109,48,2
110,1,1
110,2,4
110,3,4
110,4,2
110,5,1
110,6,2
110,7,4
110,8,4
110,9,4
110,10,4
110,11,2
110,12,1
110,13,4
110,14,4
110,15,4
110,16,4
110,17,4
110,18,4
110,19,2
110,20,4
110,21,4
110,22,1
110,23,1
110,24,2
110,25,4
110,26,4
110,27,4
110,28,1
110,29,1
110,30,2
110,31,2
110,32,3
110,33,1
110,34,1
110,35,1
110,36,4
110,37,4
110,38,4
110,39,4
110,40,2
110,41,4
110,42,4
110,43,4
110,44,4
110,45,1
110,46,1
110,47,1
110,48,2
111,1,4
111,2,4
111,3,4
111,4,4
111,5,3
111,6,4
111,7,3
111,8,3
111,9,4
111,10,4
111,11,3
111,12,3
111,13,1
111,14,4
111,15,2
111,16,4
111,17,3
111,18,3
111,19,1
111,20,3
111,21,4
111,22,3
111,23,4
111,24,3
111,25,3
111,26,4
111,27,4
111,28,2
111,29,3
111,30,3
111,31,4
111,32,2
111,33,3
111,34,3
111,35,1
111,36,3
111,37,1
111,38,1
111,39,1
111,40,4
111,41,4
111,42,4
111,43,1
111,44,2
111,45,1
111,46,3
111,47,3
111,48,3
112,1,2
112,2,2
112,3,4
112,4,4
112,5,2
112,6,4
112,7,4
112,8,4
112,9,2
112,10,4
112,11,4
112,12,2
112,13,4
112,14,4
112,15,2
112,16,4
112,17,2
112,18,2
112,19,4
112,20,4
112,21,1
112,22,1
112,23,4
112,24,1
112,25,2
112,26,1
112,27,2
112,28,4
112,29,3
112,30,2
112,31,4
112,32,4
112,33,4
112,34,3
112,35,1
112,36,2
112,37,2
112,38,4
112,39,4
112,40,2
112,41,2
112,42,2
112,43,4
112,44,4
112,45,4
112,46,2
112,47,2
112,48,4
113,1,4
113,2,1
113,3,4
113,4,4
113,5,4
113,6,2
113,7,1
113,8,4
113,9,4
113,10,4
113,11,4
113,12,1
113,13,1
113,14,2
113,15,4
113,16,4
113,17,4
113,18,4
113,19,1
113,20,4
113,21,4
113,22,4
113,23,1
113,24,2
113,25,4
113,26,4
113,27,4
113,28,1
113,29,1
113,30,3
113,31,4
113,32,4
113,33,4
113,34,4
113,35,4
113,36,1
113,37,4
113,38,1
113,39,3
113,40,4
113,41,3
113,42,1
113,43,2
113,44,1
113,45,4
113,46,4
113,47,1
113,48,4
114,1,4
114,2,3
114,3,4
114,4,3
114,5,2
114,6,4
114,7,2
114,8,3
114,9,1
114,10,1
114,11,2
114,12,4
114,13,4
114,14,3
114,15,1
114,16,3
114,17,3
114,18,3
114,19,3
114,20,2
114,21,2
114,22,1
114,23,2
114,24,4
114,25,3
114,26,2
114,27,3
114,28,2
114,29,1
114,30,1
114,31,3
114,32,2
114,33,3
114,34,1
114,35,2
114,36,1
114,37,1
114,38,3
114,39,3
114,40,4
114,41,4
114,42,1
114,43,1
114,44,1
114,45,1
114,46,1
114,47,1
114,48,2
116,1,4
116,2,3
116,3,2
116,4,4
116,5,2
116,6,4
116,7,4
116,8,4
116,9,4
116,10,4
116,11,4
116,12,4
116,13,4
116,14,4
116,15,4
116,16,4
116,17,2
116,18,4
116,19,4
116,20,2
116,21,4
116,22,4
116,23,2
116,24,4
116,25,4
116,26,4
116,27,2
116,28,1
116,29,4
116,30,4
116,31,4
116,32,4
116,33,4
116,34,4
116,35,4
116,36,4
116,37,4
116,38,4
116,39,4
116,40,4
116,41,4
116,42,2
116,43,2
116,44,4
116,45,4
116,46,2
116,47,4
116,48,4
117,1,4
117,2,4
117,3,4
117,4,2
117,5,3
117,6,4
117,7,4
117,8,4
117,9,4
117,10,4
117,11,3
117,12,2
117,13,4
117,14,4
117,15,4
117,16,4
117,17,4
117,18,1
117,19,4
117,20,3
117,21,2
117,22,2
117,23,4
117,24,4
117,25,2
117,26,4
117,27,4
117,28,4
117,29,4
117,30,4
117,31,4
117,32,4
117,33,3
117,34,2
117,35,4
117,36,4
117,37,4
117,38,4
117,39,4
117,40,4
117,41,4
117,42,4
117,43,4
117,44,4
117,45,4
117,46,3
117,47,4
117,48,4
119,1,4
119,2,2
119,3,4
119,4,4
119,5,2
119,6,1
119,7,3
119,8,2
119,9,4
119,10,4
119,11,4
119,12,2
119,13,2
119,14,2
119,15,2
119,16,4
119,17,4
119,18,4
119,19,2
119,20,3
119,21,4
119,22,4
119,23,2
119,24,2
119,25,2
119,26,4
119,27,2
119,28,1
119,29,1
119,30,3
119,31,4
119,32,2
119,33,3
119,34,4
119,35,2
119,36,2
119,37,4
119,38,4
119,39,4
119,40,1
119,41,4
119,42,2
119,43,2
119,44,2
119,45,4
119,46,2
119,47,4
119,48,2
120,1,2
120,2,1
120,3,1
120,4,3
120,5,2
120,6,3
120,7,4
120,8,4
120,9,4
120,10,4
120,11,4
120,12,1
120,13,4
120,14,3
120,15,4
120,16,4
120,17,1
120,18,4
120,19,4
120,20,1
120,21,4
120,22,4
120,23,4
120,24,2
120,25,3
120,26,4
120,27,2
120,28,1
120,29,3
120,30,2
120,31,3
120,32,1
120,33,4
120,34,3
120,35,3
120,36,4
120,37,2
120,38,4
120,39,4
120,40,4
120,41,4
120,42,4
120,43,4
120,44,1
120,45,2
120,46,2
120,47,4
120,48,3
121,1,4
121,2,4
121,3,4
121,4,4
121,5,4
121,6,4
121,7,4
121,8,4
121,9,4
121,10,4
121,11,4
121,12,4
121,13,4
121,14,4
121,15,1
121,16,4
121,17,4
121,18,1
121,19,4
121,20,2
121,21,4
121,22,4
121,23,4
121,24,4
121,25,1
121,26,4
121,27,4
121,28,4
121,29,4
121,30,1
121,31,4
121,32,4
121,33,1
121,34,4
121,35,4
121,36,1
121,37,4
121,38,4
121,39,4
121,40,4
121,41,1
121,42,4
121,43,1
121,44,4
121,45,4
121,46,1
121,47,4
121,48,3
123,1,4
123,2,2
123,3,4
123,4,4
123,5,2
123,6,2
123,7,3
123,8,4
123,9,4
123,10,2
123,11,2
123,12,2
123,13,4
123,14,2
123,15,4
123,16,4
123,17,4
123,18,3
123,19,2
123,20,4
123,21,4
123,22,3
123,23,1
123,24,2
123,25,4
123,26,4
123,27,4
123,28,2
123,29,4
123,30,2
123,31,4
123,32,3
123,33,4
123,34,3
123,35,3
123,36,4
123,37,2
123,38,4
123,39,4
123,40,4
123,41,1
123,42,4
123,43,4
123,44,4
123,45,2
123,46,3
123,47,2
123,48,2
124,1,2
124,2,2
124,3,2
124,4,4
124,5,2
124,6,4
124,7,2
124,8,4
124,9,2
124,10,2
124,11,4
124,12,2
124,13,4
124,14,2
124,15,2
124,16,4
124,17,2
124,18,2
124,19,1
124,20,1
124,21,1
124,22,3
124,23,2
124,24,2
124,25,2
124,26,2
124,27,2
124,28,4
124,29,2
124,30,2
124,31,4
124,32,2
124,33,2
124,34,2
124,35,2
124,36,4
124,37,1
124,38,2
124,39,3
124,40,2
124,41,2
124,42,4
124,43,2
124,44,2
124,45,3
124,46,2
124,47,3
124,48,2
126,1,4
126,2,2
126,3,4
126,4,4
126,5,2
126,6,2
126,7,4
126,8,4
126,9,4
126,10,4
126,11,4
126,12,4
126,13,4
126,14,4
126,15,4
126,16,4
126,17,4
126,18,3
126,19,4
126,20,2
126,21,1
126,22,4
126,23,2
126,24,2
126,25,2
126,26,2
126,27,2
126,28,2
126,29,4
126,30,4
126,31,4
126,32,2
126,33,4
126,34,4
126,35,4
126,36,4
126,37,2
126,38,4
126,39,4
126,40,4
126,41,2
126,42,4
126,43,4
126,44,4
126,45,4
126,46,2
126,47,4
126,48,4
127,1,4
127,2,4
127,3,4
127,4,4
127,5,2
127,6,4
127,7,4
127,8,4
127,9,4
127,10,4
127,11,4
127,12,4
127,13,4
127,14,4
127,15,2
127,16,4
127,17,4
127,18,4
127,19,2
127,20,4
127,21,4
127,22,2
127,23,4
127,24,4
127,25,4
127,26,4
127,27,4
127,28,4
127,29,1
127,30,4
127,31,2
127,32,4
127,33,3
127,34,4
127,35,3
127,36,4
127,37,4
127,38,4
127,39,4
127,40,4
127,41,4
127,42,4
127,43,1
127,44,4
127,45,4
127,46,4
127,47,4
127,48,4
128,1,4
128,2,4
128,3,2
128,4,2
128,5,4
128,6,4
128,7,2
128,8,4
128,9,2
128,10,2
128,11,4
128,12,4
128,13,2
128,14,2
128,15,1
128,16,4
128,17,4
128,18,2
128,19,2
128,20,4
128,21,2
128,22,4
128,23,4
128,24,2
128,25,3
128,26,4
128,27,4
128,28,2
128,29,4
128,30,4
128,31,4
128,32,4
128,33,2
128,34,1
128,35,4
128,36,2
128,37,2
128,38,2
128,39,1
128,40,2
128,41,4
128,42,4
128,43,4
128,44,2
128,45,4
128,46,4
128,47,3
128,48,2
129,1,2
129,2,4
129,3,4
129,4,2
129,5,2
129,6,4
129,7,2
129,8,4
129,9,4
129,10,4
129,11,4
129,12,2
129,13,4
129,14,4
129,15,2
129,16,4
129,17,4
129,18,4
129,19,4
129,20,4
129,21,4
129,22,4
129,23,4
129,24,4
129,25,4
129,26,2
129,27,2
129,28,2
129,29,4
129,30,4
129,31,2
129,32,4
129,33,2
129,34,4
129,35,4
129,36,4
129,37,4
129,38,4
129,39,4
129,40,4
129,41,4
129,42,4
129,43,4
129,44,2
129,45,4
129,46,4
129,47,2
129,48,2
130,1,4
130,2,2
130,3,1
130,4,2
130,5,1
130,6,3
130,7,1
130,8,1
130,9,1
130,10,1
130,11,1
130,12,1
130,13,1
130,14,1
130,15,1
130,16,1
130,17,2
130,18,4
130,19,1
130,20,2
130,21,4
130,22,2
130,23,4
130,24,1
130,25,2
130,26,1
130,27,4
130,28,1
130,29,1
130,30,1
130,31,4
130,32,4
130,33,2
130,34,3
130,35,1
130,36,1
130,37,4
130,38,1
130,39,1
130,40,1
130,41,3
130,42,1
130,43,1
130,44,1
130,45,3
130,46,1
130,47,1
130,48,2
131,1,4
131,2,4
131,3,4
131,4,4
131,5,2
131,6,2
131,7,3
131,8,4
131,9,4
131,10,2
131,11,3
131,12,2
131,13,1
131,14,4
131,15,1
131,16,4
131,17,2
131,18,4
131,19,4
131,20,3
131,21,4
131,22,2
131,23,2
131,24,3
131,25,4
131,26,4
131,27,4
131,28,4
131,29,3
131,30,3
131,31,4
131,32,4
131,33,3
131,34,3
131,35,3
131,36,4
131,37,4
131,38,4
131,39,1
131,40,4
131,41,4
131,42,3
131,43,4
131,44,2
131,45,3
131,46,3
131,47,2
131,48,2
201,1,4
201,2,4
201,3,4
201,4,4
201,5,4
201,6,4
201,7,1
201,8,3
201,9,4
201,10,3
201,11,4
201,12,1
201,13,1
201,14,4
201,15,3
201,16,4
201,17,3
201,18,3
201,19,1
201,20,1
201,21,3
201,22,4
201,23,4
201,24,3
201,25,4
201,26,4
201,27,4
201,28,4
201,29,2
201,30,4
201,31,4
201,32,2
201,33,2
201,34,4
201,35,4
201,36,1
201,37,1
201,38,4
201,39,2
201,40,4
201,41,4
201,42,3
201,43,1
201,44,3
201,45,2
201,46,1
201,47,4
201,48,2
202,1,1
202,2,1
202,3,1
202,4,4
202,5,2
202,6,1
202,7,2
202,8,4
202,9,4
202,10,3
202,11,4
202,12,2
202,13,1
202,14,4
202,15,4
202,16,4
202,17,4
202,18,1
202,19,4
202,20,4
202,21,2
202,22,4
202,23,3
202,24,2
202,25,1
202,26,1
202,27,4
202,28,1
202,29,2
202,30,2
202,31,1
202,32,4
202,33,2
202,34,2
202,35,2
202,36,3
202,37,4
202,38,4
202,39,4
202,40,4
202,41,4
202,42,4
202,43,4
202,44,1
202,45,4
202,46,4
202,47,4
202,48,3
203,1,4
203,2,4
203,3,4
203,4,4
203,5,4
203,6,2
203,7,4
203,8,4
203,9,4
203,10,4
203,11,4
203,12,2
203,13,1
203,14,1
203,15,4
203,16,1
203,17,4
203,18,4
203,19,4
203,20,4
203,21,4
203,22,3
203,23,4
203,24,4
203,25,4
203,26,4
203,27,4
203,28,1
203,29,3
203,30,3
203,31,4
203,32,4
203,33,4
203,34,3
203,35,4
203,36,1
203,37,1
203,38,1
203,39,1
203,40,1
203,41,4
203,42,4
203,43,1
203,44,4
203,45,4
203,46,1
203,47,4
203,48,2
204,1,1
204,2,1
204,3,4
204,4,1
204,5,4
204,6,4
204,7,3
204,8,4
204,9,4
204,10,3
204,11,4
204,12,2
204,13,4
204,14,4
204,15,2
204,16,4
204,17,3
204,18,4
204,19,4
204,20,4
204,21,3
204,22,1
204,23,1
204,24,1
204,25,1
204,26,4
204,27,3
204,28,1
204,29,3
204,30,1
204,31,2
204,32,2
204,33,3
204,34,2
204,35,2
204,36,4
204,37,4
204,38,2
204,39,4
204,40,4
204,41,4
204,42,4
204,43,4
204,44,2
204,45,3
204,46,1
204,47,1
204,48,1
205,1,4
205,2,4
205,3,4
205,4,4
205,5,4
205,6,4
205,7,3
205,8,2
205,9,3
205,10,3
205,11,4
205,12,3
205,13,1
205,14,1
205,15,2
205,16,1
205,17,3
205,18,3
205,19,2
205,20,1
205,21,3
205,22,4
205,23,3
205,24,4
205,25,4
205,26,4
205,27,4
205,28,4
205,29,3
205,30,4
205,31,3
205,32,4
205,33,3
205,34,3
205,35,3
205,36,4
205,37,4
205,38,1
205,39,1
205,40,1
205,41,4
205,42,4
205,43,1
205,44,1
205,45,4
205,46,4
205,47,4
205,48,3
206,1,1
206,2,4
206,3,1
206,4,1
206,5,3
206,6,4
206,7,1
206,8,4
206,9,4
206,10,3
206,11,3
206,12,3
206,13,4
206,14,4
206,15,4
206,16,4
206,17,4
206,18,3
206,19,4
206,20,4
206,21,3
206,22,3
206,23,3
206,24,3
206,25,3
206,26,4
206,27,1
206,28,1
206,29,3
206,30,3
206,31,1
206,32,1
206,33,3
206,34,2
206,35,2
206,36,4
206,37,4
206,38,4
206,39,4
206,40,4
206,41,4
206,42,4
206,43,4
206,44,4
206,45,4
206,46,3
206,47,4
206,48,3
207,1,4
207,2,4
207,3,4
207,4,1
207,5,4
207,6,2
207,7,1
207,8,3
207,9,4
207,10,3
207,11,4
207,12,3
207,13,1
207,14,1
207,15,1
207,16,1
207,17,4
207,18,3
207,19,4
207,20,1
207,21,2
207,22,2
207,23,4
207,24,1
207,25,4
207,26,4
207,27,4
207,28,4
207,29,3
207,30,4
207,31,4
207,32,4
207,33,2
207,34,3
207,35,3
207,36,1
207,37,1
207,38,1
207,39,1
207,40,4
207,41,4
207,42,1
207,43,1
207,44,1
207,45,3
207,46,1
207,47,2
207,48,3
208,1,1
208,2,4
208,3,1
208,4,2
208,5,1
208,6,1
208,7,1
208,8,1
208,9,4
208,10,4
208,11,1
208,12,1
208,13,4
208,14,4
208,15,4
208,16,4
208,17,3
208,18,4
208,19,4
208,20,4
208,21,2
208,22,4
208,23,2
208,24,3
208,25,2
208,26,4
208,27,1
208,28,3
208,29,3
208,30,1
208,31,1
208,32,1
208,33,3
208,34,3
208,35,4
208,36,4
208,37,4
208,38,4
208,39,4
208,40,4
208,41,4
208,42,4
208,43,4
208,44,1
208,45,4
208,46,2
208,47,1
208,48,3
209,1,4
209,2,4
209,3,4
209,4,4
209,5,4
209,6,2
209,7,4
209,8,4
209,9,3
209,10,4
209,11,4
209,12,3
209,13,1
209,14,4
209,15,3
209,16,4
209,17,3
209,18,1
209,19,4
209,20,4
209,21,2
209,22,2
209,23,3
209,24,4
209,25,4
209,26,4
209,27,4
209,28,2
209,29,3
209,30,4
209,31,4
209,32,4
209,33,3
209,34,3
209,35,3
209,36,1
209,37,1
209,38,1
209,39,1
209,40,1
209,41,4
209,42,4
209,43,1
209,44,1
209,45,2
209,46,1
209,47,2
209,48,1
210,1,1
210,2,2
210,3,1
210,4,1
210,5,1
210,6,1
210,7,1
210,8,2
210,9,4
210,10,4
210,11,3
210,12,4
210,13,4
210,14,4
210,15,4
210,16,4
210,17,4
210,18,4
210,19,4
210,20,4
210,21,4
210,22,2
210,23,1
210,24,3
210,25,2
210,26,1
210,27,4
210,28,1
210,29,4
210,30,3
210,31,1
210,32,1
210,33,2
210,34,4
210,35,4
210,36,4
210,37,4
210,38,4
210,39,4
210,40,4
210,41,4
210,42,4
210,43,4
210,44,4
210,45,4
210,46,4
210,47,4
210,48,2
211,1,4
211,2,4
211,3,4
211,4,4
211,5,4
211,6,4
211,7,4
211,8,4
211,9,4
211,10,4
211,11,2
211,12,4
211,13,1
211,14,1
211,15,1
211,16,1
211,17,2
211,18,3
211,19,1
211,20,4
211,21,4
211,22,2
211,23,4
211,24,2
211,25,4
211,26,4
211,27,4
211,28,4
211,29,3
211,30,4
211,31,4
211,32,4
211,33,2
211,34,4
211,35,4
211,36,1
211,37,1
211,38,4
211,39,1
211,40,4
211,41,1
211,42,3
211,43,1
211,44,1
211,45,4
211,46,3
211,47,1
211,48,1
212,1,1
212,2,4
212,3,1
212,4,1
212,5,1
212,6,1
212,7,1
212,8,4
212,9,4
212,10,2
212,11,1
212,12,4
212,13,4
212,14,4
212,15,4
212,16,4
212,17,3
212,18,2
212,19,4
212,20,4
212,21,1
212,22,3
212,23,3
212,24,3
212,25,1
212,26,1
212,27,1
212,28,2
212,29,4
212,30,1
212,31,1
212,32,1
212,33,3
212,34,1
212,35,3
212,36,4
212,37,4
212,38,1
212,39,4
212,40,4
212,41,4
212,42,4
212,43,4
212,44,2
212,45,1
212,46,4
212,47,4
212,48,1
213,1,4
213,2,4
213,3,4
213,4,4
213,5,4
213,6,4
213,7,3
213,8,3
213,9,1
213,10,4
213,11,3
213,12,2
213,13,1
213,14,1
213,15,1
213,16,1
213,17,3
213,18,2
213,19,2
213,20,1
213,21,3
213,22,1
213,23,4
213,24,1
213,25,4
213,26,4
213,27,4
213,28,4
213,29,2
213,30,4
213,31,4
213,32,4
213,33,4
213,34,4
213,35,4
213,36,1
213,37,4
213,38,4
213,39,3
213,40,4
213,41,4
213,42,4
213,43,3
213,44,4
213,45,4
213,46,3
213,47,4
213,48,3
214,1,1
214,2,4
214,3,4
214,4,2
214,5,2
214,6,2
214,7,3
214,8,4
214,9,4
214,10,4
214,11,1
214,12,4
214,13,4
214,14,4
214,15,2
214,16,4
214,17,3
214,18,4
214,19,4
214,20,4
214,21,3
214,22,1
214,23,3
214,24,3
214,25,4
214,26,1
214,27,4
214,28,1
214,29,4
214,30,4
214,31,1
214,32,2
214,33,2
214,34,3
214,35,1
214,36,4
214,37,4
214,38,4
214,39,4
214,40,4
214,41,4
214,42,4
214,43,4
214,44,4
214,45,4
214,46,1
214,47,4
214,48,4
215,1,4
215,2,3
215,3,4
215,4,4
215,5,4
215,6,4
215,7,4
215,8,4
215,9,4
215,10,4
215,11,4
215,12,2
215,13,3
215,14,2
215,15,2
215,16,4
215,17,3
215,18,2
215,19,2
215,20,4
215,21,2
215,22,2
215,23,4
215,24,4
215,25,4
215,26,4
215,27,4
215,28,3
215,29,2
215,30,4
215,31,3
215,32,4
215,33,2
215,34,3
215,35,4
215,36,1
215,37,1
215,38,1
215,39,1
215,40,4
215,41,3
215,42,2
215,43,1
215,44,3
215,45,2
215,46,1
215,47,2
215,48,2
217,1,4
217,2,3
217,3,4
217,4,4
217,5,3
217,6,4
217,7,2
217,8,3
217,9,3
217,10,4
217,11,4
217,12,2
217,13,1
217,14,1
217,15,4
217,16,1
217,17,2
217,18,2
217,19,3
217,20,2
217,21,2
217,22,3
217,23,3
217,24,2
217,25,4
217,26,4
217,27,4
217,28,4
217,29,4
217,30,4
217,31,4
217,32,4
217,33,3
217,34,4
217,35,4
217,36,4
217,37,2
217,38,4
217,39,2
217,40,4
217,41,4
217,42,2
217,43,1
217,44,3
217,45,4
217,46,4
217,47,4
217,48,4
219,1,4
219,2,4
219,3,4
219,4,4
219,5,4
219,6,4
219,7,4
219,8,4
219,9,3
219,10,2
219,11,4
219,12,2
219,13,1
219,14,2
219,15,1
219,16,4
219,17,3
219,18,3
219,19,1
219,20,4
219,21,3
219,22,2
219,23,4
219,24,2
219,25,4
219,26,4
219,27,4
219,28,3
219,29,3
219,30,4
219,31,4
219,32,4
219,33,2
219,34,2
219,35,3
219,36,4
219,37,1
219,38,4
219,39,1
219,40,1
219,41,4
219,42,1
219,43,4
219,44,1
219,45,2
219,46,2
219,47,2
219,48,3
220,1,1
220,2,1
220,3,1
220,4,1
220,5,1
220,6,1
220,7,1
220,8,3
220,9,4
220,10,4
220,11,2
220,12,1
220,13,4
220,14,4
220,15,4
220,16,4
220,17,2
220,18,3
220,19,4
220,20,4
220,21,3
220,22,3
220,23,3
220,24,3
220,25,1
220,26,1
220,27,3
220,28,1
220,29,3
220,30,3
220,31,3
220,32,1
220,33,3
220,34,2
220,35,3
220,36,4
220,37,4
220,38,4
220,39,4
220,40,4
220,41,4
220,42,4
220,43,4
220,44,1
220,45,2
220,46,2
220,47,4
220,48,2
221,1,4
221,2,3
221,3,4
221,4,4
221,5,2
221,6,2
221,7,2
221,8,3
221,9,3
221,10,4
221,11,4
221,12,3
221,13,1
221,14,2
221,15,1
221,16,4
221,17,3
221,18,1
221,19,1
221,20,1
221,21,3
221,22,1
221,23,3
221,24,3
221,25,4
221,26,4
221,27,4
221,28,3
221,29,4
221,30,3
221,31,4
221,32,3
221,33,4
221,34,4
221,35,2
221,36,1
221,37,2
221,38,1
221,39,1
221,40,4
221,41,4
221,42,4
221,43,4
221,44,3
221,45,4
221,46,2
221,47,3
221,48,1
222,1,1
222,2,4
222,3,3
222,4,1
222,5,1
222,6,1
222,7,1
222,8,4
222,9,4
222,10,3
222,11,3
222,12,4
222,13,4
222,14,4
222,15,4
222,16,4
222,17,3
222,18,4
222,19,4
222,20,2
222,21,2
222,22,4
222,23,3
222,24,3
222,25,1
222,26,2
222,27,1
222,28,1
222,29,3
222,30,2
222,31,1
222,32,1
222,33,3
222,34,2
222,35,4
222,36,2
222,37,4
222,38,4
222,39,4
222,40,4
222,41,4
222,42,4
222,43,4
222,44,4
222,45,3
222,46,2
222,47,3
222,48,2
223,1,4
223,2,4
223,3,4
223,4,4
223,5,4
223,6,4
223,7,4
223,8,4
223,9,4
223,10,4
223,11,4
223,12,4
223,13,1
223,14,4
223,15,4
223,16,4
223,17,4
223,18,4
223,19,4
223,20,4
223,21,4
223,22,4
223,23,4
223,24,4
223,25,4
223,26,4
223,27,4
223,28,4
223,29,3
223,30,4
223,31,4
223,32,4
223,33,4
223,34,4
223,35,4
223,36,4
223,37,1
223,38,4
223,39,1
223,40,4
223,41,4
223,42,4
223,43,1
223,44,1
223,45,4
223,46,1
223,47,4
223,48,3
224,1,1
224,2,1
224,3,4
224,4,2
224,5,1
224,6,3
224,7,1
224,8,4
224,9,4
224,10,3
224,11,4
224,12,4
224,13,4
224,14,4
224,15,4
224,16,4
224,17,4
224,18,2
224,19,4
224,20,4
224,21,3
224,22,2
224,23,2
224,24,2
224,25,1
224,26,1
224,27,4
224,28,1
224,29,2
224,30,1
224,31,2
224,32,1
224,33,1
224,34,2
224,35,3
224,36,1
224,37,4
224,38,4
224,39,4
224,40,4
224,41,4
224,42,1
224,43,4
224,44,1
224,45,3
224,46,1
224,47,3
224,48,3
226,1,1
226,2,1
226,3,2
226,4,2
226,5,1
226,6,3
226,7,1
226,8,3
226,9,4
226,10,3
226,11,2
226,12,3
226,13,4
226,14,4
226,15,2
226,16,4
226,17,3
226,18,4
226,19,4
226,20,3
226,21,2
226,22,2
226,23,3
226,24,2
226,25,1
226,26,1
226,27,4
226,28,1
226,29,3
226,30,3
226,31,2
226,32,3
226,33,2
226,34,2
226,35,3
226,36,3
226,37,4
226,38,4
226,39,3
226,40,4
226,41,4
226,42,4
226,43,4
226,44,3
226,45,3
226,46,1
226,47,3
226,48,2
228,1,1
228,2,2
228,3,2
228,4,1
228,5,2
228,6,3
228,7,2
228,8,2
228,9,4
228,10,3
228,11,2
228,12,1
228,13,4
228,14,4
228,15,4
228,16,4
228,17,3
228,18,3
228,19,4
228,20,4
228,21,2
228,22,2
228,23,1
228,24,3
228,25,1
228,26,2
228,27,1
228,28,1
228,29,3
228,30,3
228,31,2
228,32,4
228,33,2
228,34,4
228,35,3
228,36,3
228,37,4
228,38,4
228,39,4
228,40,4
228,41,4
228,42,4
228,43,3
228,44,1
228,45,4
228,46,2
228,47,3
228,48,4
1,1,4
1,2,4
1,3,4
1,4,4
1,5,4
1,6,4
1,7,3
1,8,4
1,9,4
1,10,3
1,11,3
1,12,3
1,13,1
1,14,1
1,15,1
1,16,1
1,17,3
1,18,1
1,19,1
1,20,3
1,21,3
1,22,3
1,23,4
1,24,3
1,25,4
1,26,4
1,27,4
1,28,4
1,29,3
1,30,3
1,31,4
1,32,3
1,33,3
1,34,3
1,35,2
1,36,2
1,37,1
1,38,1
1,39,1
1,40,4
1,41,3
1,42,4
1,43,1
1,44,3
1,45,3
1,46,3
1,47,3
1,48,2
2,1,4
2,2,4
2,3,3
2,4,4
2,5,4
2,6,4
2,7,4
2,8,4
2,9,4
2,10,4
2,11,4
2,12,1
2,13,1
2,14,1
2,15,1
2,16,1
2,17,3
2,18,1
2,19,1
2,20,3
2,21,3
2,22,2
2,23,3
2,24,4
2,25,4
2,26,4
2,27,4
2,28,4
2,29,4
2,30,4
2,31,4
2,32,4
2,33,4
2,34,4
2,35,4
2,36,3
2,37,1
2,38,1
2,39,1
2,40,1
2,41,4
2,42,4
2,43,1
2,44,2
2,45,3
2,46,3
2,47,4
2,48,2
3,1,4
3,2,4
3,3,4
3,4,2
3,5,2
3,6,2
3,7,4
3,8,3
3,9,1
3,10,4
3,11,3
3,12,1
3,13,1
3,14,1
3,15,4
3,16,1
3,17,3
3,18,2
3,19,1
3,20,2
3,21,4
3,22,3
3,23,4
3,24,1
3,25,4
3,26,4
3,27,4
3,28,1
3,29,4
3,30,4
3,31,4
3,32,4
3,33,1
3,34,1
3,35,2
3,36,2
3,37,1
3,38,1
3,39,1
3,40,4
3,41,3
3,42,2
3,43,1
3,44,1
3,45,3
3,46,3
3,47,2
3,48,2
5,1,4
5,2,3
5,3,4
5,4,4
5,5,4
5,6,4
5,7,3
5,8,4
5,9,2
5,10,4
5,11,2
5,12,1
5,13,3
5,14,1
5,15,3
5,16,2
5,17,3
5,18,2
5,19,1
5,20,3
5,21,3
5,22,4
5,23,2
5,24,3
5,25,4
5,26,4
5,27,4
5,28,1
5,29,3
5,30,4
5,31,3
5,32,4
5,33,2
5,34,3
5,35,3
5,36,1
5,37,1
5,38,1
5,39,1
5,40,4
5,41,3
5,42,1
5,43,1
5,44,1
5,45,3
5,46,4
5,47,2
5,48,2
6,1,2
6,2,3
6,3,2
6,4,1
6,5,2
6,6,1
6,7,1
6,8,3
6,9,4
6,10,2
6,11,2
6,12,1
6,13,4
6,14,4
6,15,4
6,16,4
6,17,3
6,18,1
6,19,4
6,20,4
6,21,3
6,22,2
6,23,3
6,24,3
6,25,1
6,26,1
6,27,1
6,28,1
6,29,3
6,30,2
6,31,1
6,32,1
6,33,3
6,34,3
6,35,1
6,36,3
6,37,4
6,38,4
6,39,4
6,40,4
6,41,4
6,42,4
6,43,4
6,44,3
6,45,4
6,46,4
6,47,4
6,48,2
7,1,4
7,2,1
7,3,1
7,4,4
7,5,4
7,6,4
7,7,4
7,8,4
7,9,1
7,10,4
7,11,3
7,12,3
7,13,1
7,14,1
7,15,1
7,16,1
7,17,2
7,18,1
7,19,1
7,20,1
7,21,2
7,22,3
7,23,3
7,24,2
7,25,4
7,26,4
7,27,4
7,28,1
7,29,3
7,30,4
7,31,4
7,32,4
7,33,2
7,34,4
7,35,4
7,36,1
7,37,1
7,38,1
7,39,1
7,40,1
7,41,1
7,42,4
7,43,1
7,44,1
7,45,3
7,46,3
7,47,1
7,48,1
9,1,4
9,2,4
9,3,4
9,4,4
9,5,2
9,6,3
9,7,4
9,8,4
9,9,1
9,10,4
9,11,2
9,12,3
9,13,1
9,14,3
9,15,1
9,16,1
9,17,3
9,18,1
9,19,1
9,20,4
9,21,3
9,22,3
9,23,4
9,24,3
9,25,4
9,26,4
9,27,4
9,28,3
9,29,4
9,30,3
9,31,4
9,32,3
9,33,3
9,34,2
9,35,3
9,36,4
9,37,1
9,38,1
9,39,1
9,40,1
9,41,4
9,42,1
9,43,1
9,44,3
9,45,4
9,46,4
9,47,4
9,48,3
10,1,4
10,2,4
10,3,4
10,4,4
10,5,4
10,6,4
10,7,4
10,8,4
10,9,4
10,10,4
10,11,4
10,12,4
10,13,4
10,14,4
10,15,4
10,16,4
10,17,3
10,18,4
10,19,4
10,20,4
10,21,3
10,22,3
10,23,4
10,24,3
10,25,4
10,26,1
10,27,3
10,28,1
10,29,1
10,30,2
10,31,1
10,32,4
10,33,3
10,34,2
10,35,3
10,36,3
10,37,4
10,38,4
10,39,4
10,40,4
10,41,4
10,42,4
10,43,4
10,44,4
10,45,4
10,46,4
10,47,4
10,48,4
11,1,4
11,2,3
11,3,4
11,4,4
11,5,3
11,6,1
11,7,3
11,8,4
11,9,4
11,10,4
11,11,3
11,12,3
11,13,4
11,14,1
11,15,1
11,16,2
11,17,3
11,18,1
11,19,3
11,20,1
11,21,4
11,22,3
11,23,3
11,24,3
11,25,4
11,26,4
11,27,4
11,28,4
11,29,3
11,30,4
11,31,4
11,32,4
11,33,2
11,34,3
11,35,3
11,36,4
11,37,1
11,38,1
11,39,1
11,40,3
11,41,3
11,42,4
11,43,1
11,44,1
11,45,2
11,46,2
11,47,4
11,48,3
13,1,4
13,2,3
13,3,4
13,4,4
13,5,4
13,6,4
13,7,3
13,8,4
13,9,3
13,10,4
13,11,3
13,12,3
13,13,1
13,14,1
13,15,1
13,16,1
13,17,2
13,18,2
13,19,1
13,20,3
13,21,2
13,22,2
13,23,2
13,24,2
13,25,4
13,26,3
13,27,4
13,28,3
13,29,3
13,30,4
13,31,4
13,32,4
13,33,2
13,34,2
13,35,2
13,36,4
13,37,1
13,38,1
13,39,1
13,40,1
13,41,3
13,42,1
13,43,1
13,44,1
13,45,3
13,46,3
13,47,1
13,48,3
14,1,1
14,2,2
14,3,2
14,4,1
14,5,1
14,6,3
14,7,1
14,8,3
14,9,4
14,10,4
14,11,1
14,12,1
14,13,4
14,14,4
14,15,4
14,16,4
14,17,3
14,18,2
14,19,4
14,20,3
14,21,3
14,22,3
14,23,3
14,24,2
14,25,2
14,26,2
14,27,4
14,28,3
14,29,1
14,30,4
14,31,1
14,32,1
14,33,2
14,34,3
14,35,2
14,36,4
14,37,4
14,38,4
14,39,4
14,40,4
14,41,4
14,42,4
14,43,3
14,44,4
14,45,3
14,46,3
14,47,2
14,48,2
15,1,4
15,2,4
15,3,4
15,4,4
15,5,3
15,6,4
15,7,4
15,8,3
15,9,3
15,10,3
15,11,2
15,12,2
15,13,4
15,14,2
15,15,3
15,16,1
15,17,2
15,18,4
15,19,3
15,20,1
15,21,3
15,22,3
15,23,4
15,24,3
15,25,4
15,26,4
15,27,4
15,28,2
15,29,3
15,30,4
15,31,4
15,32,4
15,33,2
15,34,2
15,35,2
15,36,2
15,37,3
15,38,2
15,39,1
15,40,4
15,41,4
15,42,3
15,43,1
15,44,3
15,45,2
15,46,4
15,47,2
15,48,2
17,1,4
17,2,4
17,3,4
17,4,3
17,5,4
17,6,4
17,7,4
17,8,2
17,9,3
17,10,4
17,11,4
17,12,3
17,13,1
17,14,1
17,15,1
17,16,1
17,17,3
17,18,4
17,19,1
17,20,3
17,21,3
17,22,4
17,23,4
17,24,4
17,25,4
17,26,4
17,27,4
17,28,4
17,29,4
17,30,4
17,31,4
17,32,4
17,33,3
17,34,4
17,35,2
17,36,3
17,37,4
17,38,4
17,39,4
17,40,4
17,41,4
17,42,4
17,43,1
17,44,4
17,45,3
17,46,3
17,47,4
17,48,3
18,1,1
18,2,4
18,3,2
18,4,4
18,5,1
18,6,2
18,7,2
18,8,3
18,9,4
18,10,4
18,11,4
18,12,3
18,13,4
18,14,4
18,15,4
18,16,4
18,17,3
18,18,1
18,19,4
18,20,4
18,21,2
18,22,3
18,23,3
18,24,3
18,25,2
18,26,1
18,27,4
18,28,2
18,29,3
18,30,3
18,31,2
18,32,3
18,33,3
18,34,4
18,35,3
18,36,4
18,37,4
18,38,4
18,39,4
18,40,4
18,41,4
18,42,3
18,43,4
18,44,4
18,45,3
18,46,2
18,47,4
18,48,3
19,1,4
19,2,4
19,3,4
19,4,4
19,5,4
19,6,4
19,7,4
19,8,4
19,9,2
19,10,4
19,11,4
19,12,2
19,13,1
19,14,1
19,15,1
19,16,1
19,17,2
19,18,4
19,19,1
19,20,1
19,21,3
19,22,2
19,23,4
19,24,3
19,25,4
19,26,4
19,27,4
19,28,3
19,29,3
19,30,3
19,31,4
19,32,3
19,33,2
19,34,3
19,35,2
19,36,4
19,37,2
19,38,1
19,39,1
19,40,1
19,41,3
19,42,3
19,43,1
19,44,2
19,45,2
19,46,3
19,47,1
19,48,2
21,1,4
21,2,4
21,3,1
21,4,4
21,5,4
21,6,4
21,7,2
21,8,2
21,9,3
21,10,4
21,11,3
21,12,4
21,13,1
21,14,1
21,15,2
21,16,1
21,17,2
21,18,1
21,19,3
21,20,4
21,21,4
21,22,2
21,23,3
21,24,1
21,25,4
21,26,4
21,27,4
21,28,3
21,29,4
21,30,4
21,31,4
21,32,4
21,33,4
21,34,4
21,35,4
21,36,4
21,37,4
21,38,1
21,39,4
21,40,4
21,41,4
21,42,4
21,43,1
21,44,4
21,45,4
21,46,4
21,47,4
21,48,1
22,1,3
22,2,2
22,3,4
22,4,1
22,5,4
22,6,1
22,7,1
22,8,4
22,9,4
22,10,3
22,11,3
22,12,1
22,13,4
22,14,4
22,15,1
22,16,4
22,17,2
22,18,4
22,19,2
22,20,3
22,21,3
22,22,2
22,23,3
22,24,3
22,25,3
22,26,2
22,27,4
22,28,2
22,29,4
22,30,2
22,31,4
22,32,1
22,33,3
22,34,3
22,35,3
22,36,4
22,37,2
22,38,4
22,39,4
22,40,4
22,41,3
22,42,4
22,43,4
22,44,3
22,45,2
22,46,4
22,47,4
22,48,4
23,1,2
23,2,4
23,3,4
23,4,4
23,5,4
23,6,4
23,7,2
23,8,3
23,9,1
23,10,4
23,11,4
23,12,4
23,13,4
23,14,4
23,15,3
23,16,4
23,17,3
23,18,1
23,19,3
23,20,1
23,21,4
23,22,4
23,23,4
23,24,4
23,25,1
23,26,2
23,27,4
23,28,3
23,29,2
23,30,4
23,31,2
23,32,4
23,33,2
23,34,3
23,35,3
23,36,1
23,37,2
23,38,3
23,39,3
23,40,4
23,41,3
23,42,3
23,43,1
23,44,4
23,45,2
23,46,3
23,47,3
23,48,3
25,1,4
25,2,1
25,3,4
25,4,4
25,5,4
25,6,4
25,7,4
25,8,3
25,9,4
25,10,4
25,11,2
25,12,4
25,13,2
25,14,1
25,15,1
25,16,4
25,17,1
25,18,1
25,19,3
25,20,1
25,21,3
25,22,3
25,23,4
25,24,3
25,25,4
25,26,4
25,27,4
25,28,4
25,29,4
25,30,1
25,31,4
25,32,4
25,33,3
25,34,2
25,35,3
25,36,4
25,37,1
25,38,3
25,39,1
25,40,4
25,41,4
25,42,2
25,43,1
25,44,4
25,45,2
25,46,3
25,47,2
25,48,3
26,1,1
26,2,4
26,3,4
26,4,4
26,5,3
26,6,2
26,7,1
26,8,1
26,9,4
26,10,4
26,11,1
26,12,1
26,13,4
26,14,4
26,15,4
26,16,4
26,17,3
26,18,4
26,19,4
26,20,2
26,21,4
26,22,3
26,23,3
26,24,2
26,25,1
26,26,1
26,27,4
26,28,1
26,29,3
26,30,4
26,31,4
26,32,1
26,33,1
26,34,4
26,35,3
26,36,4
26,37,4
26,38,4
26,39,4
26,40,4
26,41,4
26,42,3
26,43,4
26,44,4
26,45,4
26,46,3
26,47,4
26,48,2
27,1,4
27,2,3
27,3,4
27,4,4
27,5,4
27,6,4
27,7,3
27,8,4
27,9,4
27,10,4
27,11,4
27,12,4
27,13,4
27,14,4
27,15,3
27,16,4
27,17,4
27,18,1
27,19,4
27,20,1
27,21,4
27,22,4
27,23,4
27,24,4
27,25,4
27,26,4
27,27,4
27,28,4
27,29,4
27,30,4
27,31,4
27,32,4
27,33,3
27,34,3
27,35,3
27,36,4
27,37,1
27,38,3
27,39,1
27,40,2
27,41,4
27,42,4
27,43,1
27,44,3
27,45,3
27,46,2
27,47,2
27,48,3
30,1,1
30,2,2
30,3,4
30,4,1
30,5,2
30,6,2
30,7,2
30,8,4
30,9,4
30,10,1
30,11,3
30,12,3
30,13,4
30,14,4
30,15,4
30,16,4
30,17,2
30,18,3
30,19,4
30,20,1
30,21,2
30,22,2
30,23,4
30,24,2
30,25,2
30,26,2
30,27,2
30,28,3
30,29,4
30,30,2
30,31,1
30,32,1
30,33,3
30,34,3
30,35,3
30,36,1
30,37,4
30,38,1
30,39,4
30,40,4
30,41,4
30,42,3
30,43,4
30,44,4
30,45,1
30,46,3
30,47,3
30,48,2
31,1,4
31,2,3
31,3,4
31,4,4
31,5,4
31,6,4
31,7,3
31,8,4
31,9,4
31,10,4
31,11,4
31,12,2
31,13,1
31,14,1
31,15,1
31,16,1
31,17,3
31,18,3
31,19,2
31,20,4
31,21,3
31,22,2
31,23,4
31,24,3
31,25,4
31,26,4
31,27,4
31,28,2
31,29,4
31,30,4
31,31,4
31,32,4
31,33,3
31,34,4
31,35,4
31,36,1
31,37,1
31,38,4
31,39,1
31,40,1
31,41,4
31,42,4
31,43,1
31,44,1
31,45,3
31,46,1
31,47,3
31,48,2
33,1,1
33,2,2
33,3,3
33,4,1
33,5,2
33,6,2
33,7,1
33,8,1
33,9,4
33,10,3
33,11,1
33,12,3
33,13,4
33,14,4
33,15,4
33,16,4
33,17,3
33,18,4
33,19,4
33,20,4
33,21,3
33,22,3
33,23,3
33,24,3
33,25,1
33,26,1
33,27,2
33,28,1
33,29,3
33,30,4
33,31,1
33,32,1
33,33,3
33,34,3
33,35,3
33,36,1
33,37,4
33,38,4
33,39,4
33,40,4
33,41,4
33,42,4
33,43,4
33,44,4
33,45,3
33,46,3
33,47,4
33,48,3
34,1,2
34,2,2
34,3,3
34,4,4
34,5,1
34,6,3
34,7,4
34,8,3
34,9,4
34,10,2
34,11,2
34,12,4
34,13,4
34,14,4
34,15,4
34,16,4
34,17,4
34,18,4
34,19,4
34,20,4
34,21,4
34,22,4
34,23,4
34,24,4
34,25,3
34,26,2
34,27,4
34,28,4
34,29,4
34,30,4
34,31,4
34,32,4
34,33,4
34,34,3
34,35,3
34,36,4
34,37,4
34,38,4
34,39,4
34,40,4
34,41,4
34,42,1
34,43,4
34,44,4
34,45,3
34,46,3
34,47,2
34,48,2
35,1,2
35,2,2
35,3,1
35,4,1
35,5,4
35,6,3
35,7,1
35,8,4
35,9,4
35,10,4
35,11,4
35,12,1
35,13,4
35,14,4
35,15,4
35,16,4
35,17,1
35,18,2
35,19,4
35,20,4
35,21,4
35,22,4
35,23,3
35,24,2
35,25,2
35,26,2
35,27,1
35,28,1
35,29,1
35,30,4
35,31,1
35,32,2
35,33,4
35,34,4
35,35,4
35,36,3
35,37,2
35,38,4
35,39,4
35,40,4
35,41,4
35,42,4
35,43,4
35,44,4
35,45,2
35,46,2
35,47,3
35,48,2
36,1,4
36,2,1
36,3,1
36,4,1
36,5,1
36,6,2
36,7,1
36,8,3
36,9,4
36,10,3
36,11,3
36,12,3
36,13,4
36,14,4
36,15,4
36,16,4
36,17,3
36,18,3
36,19,4
36,20,4
36,21,4
36,22,3
36,23,3
36,24,3
36,25,1
36,26,4
36,27,4
36,28,2
36,29,3
36,30,3
36,31,4
36,32,2
36,33,1
36,34,1
36,35,3
36,36,3
36,37,4
36,38,4
36,39,4
36,40,4
36,41,4
36,42,3
36,43,4
36,44,3
36,45,3
36,46,1
36,47,4
36,48,2
37,1,1
37,2,2
37,3,1
37,4,1
37,5,1
37,6,1
37,7,2
37,8,4
37,9,4
37,10,3
37,11,1
37,12,3
37,13,4
37,14,4
37,15,4
37,16,4
37,17,3
37,18,4
37,19,4
37,20,3
37,21,3
37,22,2
37,23,2
37,24,2
37,25,2
37,26,4
37,27,2
37,28,1
37,29,4
37,30,3
37,31,3
37,32,1
37,33,2
37,34,2
37,35,3
37,36,4
37,37,4
37,38,4
37,39,4
37,40,4
37,41,4
37,42,4
37,43,4
37,44,1
37,45,1
37,46,4
37,47,4
37,48,2
38,1,1
38,2,3
38,3,1
38,4,1
38,5,1
38,6,1
38,7,3
38,8,4
38,9,4
38,10,2
38,11,2
38,12,2
38,13,4
38,14,4
38,15,4
38,16,4
38,17,3
38,18,4
38,19,4
38,20,3
38,21,3
38,22,3
38,23,3
38,24,3
38,25,1
38,26,4
38,27,2
38,28,1
38,29,2
38,30,3
38,31,1
38,32,4
38,33,2
38,34,3
38,35,3
38,36,3
38,37,4
38,38,4
38,39,4
38,40,4
38,41,2
38,42,4
38,43,4
38,44,3
38,45,3
38,46,2
38,47,4
38,48,1
39,1,1
39,2,3
39,3,3
39,4,1
39,5,3
39,6,2
39,7,1
39,8,4
39,9,4
39,10,2
39,11,1
39,12,1
39,13,4
39,14,4
39,15,4
39,16,4
39,17,3
39,18,4
39,19,4
39,20,4
39,21,3
39,22,3
39,23,2
39,24,3
39,25,1
39,26,1
39,27,4
39,28,1
39,29,4
39,30,2
39,31,1
39,32,1
39,33,2
39,34,3
39,35,3
39,36,4
39,37,4
39,38,4
39,39,4
39,40,4
39,41,4
39,42,3
39,43,4
39,44,2
39,45,4
39,46,4
39,47,4
39,48,4
40,1,1
40,2,1
40,3,2
40,4,1
40,5,2
40,6,1
40,7,1
40,8,1
40,9,4
40,10,2
40,11,2
40,12,2
40,13,4
40,14,4
40,15,4
40,16,4
40,17,4
40,18,4
40,19,4
40,20,4
40,21,4
40,22,3
40,23,3
40,24,3
40,25,1
40,26,1
40,27,1
40,28,4
40,29,4
40,30,4
40,31,1
40,32,2
40,33,3
40,34,4
40,35,4
40,36,4
40,37,4
40,38,4
40,39,4
40,40,4
40,41,4
40,42,4
40,43,4
40,44,1
40,45,3
40,46,4
40,47,4
40,48,2
41,1,1
41,2,3
41,3,3
41,4,1
41,5,2
41,6,2
41,7,1
41,8,3
41,9,4
41,10,3
41,11,4
41,12,3
41,13,4
41,14,4
41,15,4
41,16,4
41,17,3
41,18,3
41,19,4
41,20,4
41,21,2
41,22,2
41,23,2
41,24,3
41,25,2
41,26,3
41,27,3
41,28,1
41,29,1
41,30,4
41,31,2
41,32,2
41,33,3
41,34,3
41,35,3
41,36,3
41,37,4
41,38,2
41,39,2
41,40,3
41,41,4
41,42,3
41,43,4
41,44,4
41,45,4
41,46,2
41,47,2
41,48,1
